{
  "best_without_filter": {
    "grid_mult": 2.0,
    "stop_mult": 3.0,
    "shares": 20,
    "filter": "",
    "net_pnl": -0.0534104321577793,
    "net_pnl_pct": -0.21364172863111722,
    "trades": 28,
    "win_rate": 60.71428571428571,
    "profit_factor": 0.9544912248287316,
    "max_dd": 1.1866368989433482,
    "sharpe": -2.04767151431025,
    "stop_trades": 11,
    "tp_trades": 15
  },
  "best_with_ema200": {
    "grid_mult": 2.0,
    "stop_mult": 3.0,
    "shares": 20,
    "filter": "ema200",
    "net_pnl": -0.0534104321577793,
    "net_pnl_pct": -0.21364172863111722,
    "trades": 28,
    "win_rate": 60.71428571428571,
    "profit_factor": 0.9544912248287316,
    "max_dd": 1.1866368989433482,
    "sharpe": -2.04767151431025,
    "stop_trades": 11,
    "tp_trades": 15
  },
  "best_with_ema50": {
    "grid_mult": 2.0,
    "stop_mult": 3.0,
    "shares": 20,
    "filter": "ema50",
    "net_pnl": -0.0534104321577793,
    "net_pnl_pct": -0.21364172863111722,
    "trades": 28,
    "win_rate": 60.71428571428571,
    "profit_factor": 0.9544912248287316,
    "max_dd": 1.1866368989433482,
    "sharpe": -2.04767151431025,
    "stop_trades": 11,
    "tp_trades": 15
  },
  "top15_ema200": [
    {
      "grid_mult": 2.0,
      "stop_mult": 3.0,
      "shares": 20,
      "filter": "ema200",
      "net_pnl": -0.0534104321577793,
      "net_pnl_pct": -0.21364172863111722,
      "trades": 28,
      "win_rate": 60.71428571428571,
      "profit_factor": 0.9544912248287316,
      "max_dd": 1.1866368989433482,
      "sharpe": -2.04767151431025,
      "stop_trades": 11,
      "tp_trades": 15
    },
    {
      "grid_mult": 2.0,
      "stop_mult": 3.0,
      "shares": 15,
      "filter": "ema200",
      "net_pnl": -0.040057824118328256,
      "net_pnl_pct": -0.16023129647331302,
      "trades": 28,
      "win_rate": 60.71428571428571,
      "profit_factor": 0.9544912248287317,
      "max_dd": 0.8899776742075147,
      "sharpe": -2.0607005728648873,
      "stop_trades": 11,
      "tp_trades": 15
    },
    {
      "grid_mult": 2.0,
      "stop_mult": 3.0,
      "shares": 10,
      "filter": "ema200",
      "net_pnl": -0.02670521607888432,
      "net_pnl_pct": -0.10682086431553729,
      "trades": 28,
      "win_rate": 60.71428571428571,
      "profit_factor": 0.9544912248287316,
      "max_dd": 0.5933184494716954,
      "sharpe": -2.0736908704320953,
      "stop_trades": 11,
      "tp_trades": 15
    },
    {
      "grid_mult": 2.0,
      "stop_mult": 3.0,
      "shares": 5,
      "filter": "ema200",
      "net_pnl": -0.01335260803943683,
      "net_pnl_pct": -0.053410432157747316,
      "trades": 28,
      "win_rate": 60.71428571428571,
      "profit_factor": 0.9544912248287316,
      "max_dd": 0.2966592247358477,
      "sharpe": -2.086642640412785,
      "stop_trades": 11,
      "tp_trades": 15
    },
    {
      "grid_mult": 2.0,
      "stop_mult": 2.5,
      "shares": 20,
      "filter": "ema200",
      "net_pnl": -0.1548178860172591,
      "net_pnl_pct": -0.6192715440690364,
      "trades": 31,
      "win_rate": 54.83870967741935,
      "profit_factor": 0.8770042140597862,
      "max_dd": 1.147412230393698,
      "sharpe": -6.566646213870638,
      "stop_trades": 14,
      "tp_trades": 15
    },
    {
      "grid_mult": 2.0,
      "stop_mult": 2.5,
      "shares": 15,
      "filter": "ema200",
      "net_pnl": -0.11611341451294166,
      "net_pnl_pct": -0.46445365805176664,
      "trades": 31,
      "win_rate": 54.83870967741935,
      "profit_factor": 0.8770042140597862,
      "max_dd": 0.860559172795277,
      "sharpe": -6.582281641137562,
      "stop_trades": 14,
      "tp_trades": 15
    },
    {
      "grid_mult": 2.0,
      "stop_mult": 2.5,
      "shares": 10,
      "filter": "ema200",
      "net_pnl": -0.07740894300862422,
      "net_pnl_pct": -0.3096357720344969,
      "trades": 31,
      "win_rate": 54.83870967741935,
      "profit_factor": 0.8770042140597862,
      "max_dd": 0.5737061151968277,
      "sharpe": -6.597865561502918,
      "stop_trades": 14,
      "tp_trades": 15
    },
    {
      "grid_mult": 2.0,
      "stop_mult": 2.5,
      "shares": 5,
      "filter": "ema200",
      "net_pnl": -0.038704471504310334,
      "net_pnl_pct": -0.15481788601724134,
      "trades": 31,
      "win_rate": 54.83870967741935,
      "profit_factor": 0.8770042140597862,
      "max_dd": 0.28685305759842095,
      "sharpe": -6.613398286547856,
      "stop_trades": 14,
      "tp_trades": 15
    },
    {
      "grid_mult": 3.0,
      "stop_mult": 3.0,
      "shares": 20,
      "filter": "ema200",
      "net_pnl": -0.14719259243990734,
      "net_pnl_pct": -0.5887703697596294,
      "trades": 23,
      "win_rate": 47.82608695652174,
      "profit_factor": 0.8794599296217857,
      "max_dd": 1.103293332116948,
      "sharpe": -7.794342605947677,
      "stop_trades": 12,
      "tp_trades": 9
    },
    {
      "grid_mult": 3.0,
      "stop_mult": 3.0,
      "shares": 15,
      "filter": "ema200",
      "net_pnl": -0.11039444432992696,
      "net_pnl_pct": -0.4415777773197078,
      "trades": 23,
      "win_rate": 47.82608695652174,
      "profit_factor": 0.8794599296217857,
      "max_dd": 0.8274699990877109,
      "sharpe": -7.809629438185727,
      "stop_trades": 12,
      "tp_trades": 9
    },
    {
      "grid_mult": 1.5,
      "stop_mult": 3.0,
      "shares": 20,
      "filter": "ema200",
      "net_pnl": -0.19598073513380143,
      "net_pnl_pct": -0.7839229405352057,
      "trades": 32,
      "win_rate": 59.375,
      "profit_factor": 0.8443381730297153,
      "max_dd": 1.6107736428081978,
      "sharpe": -7.811484660508191,
      "stop_trades": 11,
      "tp_trades": 19
    },
    {
      "grid_mult": 3.0,
      "stop_mult": 3.0,
      "shares": 10,
      "filter": "ema200",
      "net_pnl": -0.07359629621995722,
      "net_pnl_pct": -0.2943851848798289,
      "trades": 23,
      "win_rate": 47.82608695652174,
      "profit_factor": 0.8794599296217857,
      "max_dd": 0.5516466660584882,
      "sharpe": -7.824868787630513,
      "stop_trades": 12,
      "tp_trades": 9
    },
    {
      "grid_mult": 1.5,
      "stop_mult": 3.0,
      "shares": 15,
      "filter": "ema200",
      "net_pnl": -0.14698555135034397,
      "net_pnl_pct": -0.5879422054013759,
      "trades": 32,
      "win_rate": 59.375,
      "profit_factor": 0.844338173029715,
      "max_dd": 1.2080802321061412,
      "sharpe": -7.833542581932766,
      "stop_trades": 11,
      "tp_trades": 19
    },
    {
      "grid_mult": 3.0,
      "stop_mult": 3.0,
      "shares": 5,
      "filter": "ema200",
      "net_pnl": -0.03679814810996973,
      "net_pnl_pct": -0.14719259243987892,
      "trades": 23,
      "win_rate": 47.82608695652174,
      "profit_factor": 0.8794599296217857,
      "max_dd": 0.275823333029237,
      "sharpe": -7.840060908513653,
      "stop_trades": 12,
      "tp_trades": 9
    },
    {
      "grid_mult": 1.5,
      "stop_mult": 3.0,
      "shares": 10,
      "filter": "ema200",
      "net_pnl": -0.09799036756691137,
      "net_pnl_pct": -0.39196147026764555,
      "trades": 32,
      "win_rate": 59.375,
      "profit_factor": 0.8443381730297153,
      "max_dd": 0.8053868214041131,
      "sharpe": -7.855506081963848,
      "stop_trades": 11,
      "tp_trades": 19
    }
  ]
}