{
  "best_no_filter": {
    "grid_mult": 1.5,
    "stop_mult": 2.5,
    "shares": 10,
    "filter": false,
    "net_pnl": -83683.16065359944,
    "net_pnl_pct": -334732.64261439774,
    "trades": 206,
    "win_rate": 63.10679611650486,
    "pf": 0.8564982909455242,
    "max_dd": 771.5237485444181,
    "sharpe": 6.546999456541746,
    "tp": 130,
    "sl": 74,
    "longs": 108,
    "shorts": 98
  },
  "best_with_filter": {
    "grid_mult": 4.0,
    "stop_mult": 1.5,
    "shares": 10,
    "filter": true,
    "net_pnl": -5303.196273019223,
    "net_pnl_pct": -21212.78509207689,
    "trades": 43,
    "win_rate": 32.55813953488372,
    "pf": 0.968096977469312,
    "max_dd": 162.80779253307287,
    "sharpe": 6.621629382953104,
    "tp": 13,
    "sl": 29,
    "longs": 26,
    "shorts": 17
  },
  "best_overall": {
    "grid_mult": 4.0,
    "stop_mult": 1.5,
    "shares": 10,
    "filter": true,
    "net_pnl": -5303.196273019223,
    "net_pnl_pct": -21212.78509207689,
    "trades": 43,
    "win_rate": 32.55813953488372,
    "pf": 0.968096977469312,
    "max_dd": 162.80779253307287,
    "sharpe": 6.621629382953104,
    "tp": 13,
    "sl": 29,
    "longs": 26,
    "shorts": 17
  },
  "total_combinations": 240,
  "top10": [
    {
      "grid_mult": 4.0,
      "stop_mult": 1.5,
      "shares": 10,
      "filter": true,
      "net_pnl": -5303.196273019223,
      "net_pnl_pct": -21212.78509207689,
      "trades": 43,
      "win_rate": 32.55813953488372,
      "pf": 0.968096977469312,
      "max_dd": 162.80779253307287,
      "sharpe": 6.621629382953104,
      "tp": 13,
      "sl": 29,
      "longs": 26,
      "shorts": 17
    },
    {
      "grid_mult": 1.5,
      "stop_mult": 2.5,
      "shares": 10,
      "filter": false,
      "net_pnl": -83683.16065359944,
      "net_pnl_pct": -334732.64261439774,
      "trades": 206,
      "win_rate": 63.10679611650486,
      "pf": 0.8564982909455242,
      "max_dd": 771.5237485444181,
      "sharpe": 6.546999456541746,
      "tp": 130,
      "sl": 74,
      "longs": 108,
      "shorts": 98
    },
    {
      "grid_mult": 1.5,
      "stop_mult": 4.0,
      "shares": 10,
      "filter": true,
      "net_pnl": -14275.55002301838,
      "net_pnl_pct": -57102.20009207352,
      "trades": 72,
      "win_rate": 75.0,
      "pf": 0.9318674300547809,
      "max_dd": 245.14135041472133,
      "sharpe": 6.456881637422912,
      "tp": 54,
      "sl": 17,
      "longs": 44,
      "shorts": 28
    },
    {
      "grid_mult": 4.0,
      "stop_mult": 1.5,
      "shares": 5,
      "filter": true,
      "net_pnl": -2651.5981365096113,
      "net_pnl_pct": -10606.392546038445,
      "trades": 43,
      "win_rate": 32.55813953488372,
      "pf": 0.968096977469312,
      "max_dd": 162.71699211129925,
      "sharpe": 6.392826251609578,
      "tp": 13,
      "sl": 29,
      "longs": 26,
      "shorts": 17
    },
    {
      "grid_mult": 1.5,
      "stop_mult": 4.0,
      "shares": 15,
      "filter": true,
      "net_pnl": -21413.325034527566,
      "net_pnl_pct": -85653.30013811027,
      "trades": 72,
      "win_rate": 75.0,
      "pf": 0.9318674300547808,
      "max_dd": 245.20522569711102,
      "sharpe": 6.163337431024496,
      "tp": 54,
      "sl": 17,
      "longs": 44,
      "shorts": 28
    },
    {
      "grid_mult": 1.5,
      "stop_mult": 2.5,
      "shares": 15,
      "filter": false,
      "net_pnl": -125524.74098039919,
      "net_pnl_pct": -502098.9639215968,
      "trades": 206,
      "win_rate": 63.10679611650486,
      "pf": 0.8564982909455244,
      "max_dd": 772.032197410304,
      "sharpe": 6.090914979262199,
      "tp": 130,
      "sl": 74,
      "longs": 108,
      "shorts": 98
    },
    {
      "grid_mult": 4.0,
      "stop_mult": 1.5,
      "shares": 15,
      "filter": true,
      "net_pnl": -7954.794409528828,
      "net_pnl_pct": -31819.17763811531,
      "trades": 43,
      "win_rate": 32.55813953488372,
      "pf": 0.9680969774693121,
      "max_dd": 162.83808186410135,
      "sharpe": 6.067936122906558,
      "tp": 13,
      "sl": 29,
      "longs": 26,
      "shorts": 17
    },
    {
      "grid_mult": 3.0,
      "stop_mult": 2.0,
      "shares": 5,
      "filter": false,
      "net_pnl": -41836.29452845986,
      "net_pnl_pct": -167345.17811383944,
      "trades": 121,
      "win_rate": 39.66942148760331,
      "pf": 0.8271632227800239,
      "max_dd": 1982.2313517354005,
      "sharpe": 6.0506159340219305,
      "tp": 47,
      "sl": 72,
      "longs": 62,
      "shorts": 59
    },
    {
      "grid_mult": 1.5,
      "stop_mult": 4.0,
      "shares": 20,
      "filter": true,
      "net_pnl": -28551.10004603676,
      "net_pnl_pct": -114204.40018414705,
      "trades": 72,
      "win_rate": 75.0,
      "pf": 0.9318674300547809,
      "max_dd": 245.23717582268475,
      "sharpe": 5.888212067271714,
      "tp": 54,
      "sl": 17,
      "longs": 44,
      "shorts": 28
    },
    {
      "grid_mult": 1.5,
      "stop_mult": 2.5,
      "shares": 20,
      "filter": false,
      "net_pnl": -167366.32130719887,
      "net_pnl_pct": -669465.2852287955,
      "trades": 206,
      "win_rate": 63.10679611650486,
      "pf": 0.8564982909455242,
      "max_dd": 772.2866732342078,
      "sharpe": 5.724449546315082,
      "tp": 130,
      "sl": 74,
      "longs": 108,
      "shorts": 98
    }
  ]
}