{
  "params": {
    "hidden_size": 64,
    "num_layers": 2,
    "dropout": 0.2917688858920172,
    "window": 60,
    "batch_size": 64,
    "learning_rate": 5.7431289815700545e-05,
    "n_models": 2,
    "stop_loss_pct": 0.015150602589196226,
    "take_profit_pct": 0.041655521854518304
  },
  "attrs": {
    "max_drawdown": 11.386013016353836,
    "total_return": 21.861366507666812,
    "total_trades": 44,
    "win_rate": 34.090909090909086
  },
  "value": 3.4848658216283925
}