{
  "params": {
    "hidden_size": 32,
    "num_layers": 2,
    "dropout": 0.3105879167520105,
    "window": 30,
    "batch_size": 64,
    "learning_rate": 0.00014677488757882084,
    "stop_loss_pct": 0.02037114936926315,
    "take_profit_pct": 0.06891142491439171,
    "gb_n_estimators": 51,
    "gb_max_depth": 3,
    "gb_lr": 0.010946928386522064,
    "gb_subsample": 0.892230195051293,
    "rf_n_estimators": 132,
    "rf_max_depth": 13,
    "rf_min_samples_split": 7
  },
  "attrs": {},
  "value": 0.0
}