{
  "params": {
    "hidden_size": 32,
    "dropout": 0.39545817076274253,
    "window": 30,
    "batch_size": 64,
    "learning_rate": 0.00020532942939696484,
    "stop_loss_pct": 0.030675648446884116,
    "take_profit_pct": 0.04538051370437286
  },
  "attrs": {
    "max_drawdown": 8.648275251635873,
    "total_return": 19.86128138216905,
    "total_trades": 55,
    "win_rate": 54.54545454545454
  },
  "value": 8.968789465598357
}