{"SOL": [1.0, 0.9939366115644257, 0.9883641418214542, 1.028912664930112, 1.0220533890089922, 1.0154593312398643, 1.0161985774187396, 1.0104502209019506, 1.0047897851990446, 1.0047897851990446, 0.9993630684222825, 0.9941665792548753, 0.9891288459339148, 0.9910285320956267, 0.9869960621367783, 1.0320936014172204, 1.0257601627895228, 1.019432780636707, 1.0573435478846407, 1.0536326163893368, 1.0892216565148252, 1.0771576003233894, 1.0829103831673252, 1.0702878231400854, 1.0615727203789254, 1.0954604880448333, 1.085947334644015, 1.1287261325350477, 1.1163689386167743, 1.1036165299652232, 1.0911661170519666, 1.07946443133667, 1.0677156028963528, 1.057724118607548, 1.0651647194191778, 1.0827833867087318, 1.070978644938746, 1.0677319635612446, 1.0924990300998036, 1.0800292739050121, 1.0682298834832635, 1.0801805608246144, 1.0689865975995532, 1.0579916738077453, 1.0476367672395874, 1.0375986184089434, 1.027998007245531, 1.0408656007894468, 1.055821070412338, 1.04463350618524, 1.0328150959721707, 1.0695738519055733, 1.0737456247447539, 1.062951969154387, 1.0513197218505186, 1.0468337272588393, 1.0637391862236134, 1.0506197362601888, 1.0376620928463132, 1.0483524821576407, 1.035422801544363, 1.0358584693027302, 1.0282447057588278, 1.0155630210544688, 1.003037743794797, 1.053391535914371, 1.051942801736099, 1.0735709852112743, 1.1492734265506448, 1.1677507973995345, 1.1677507973995345, 1.159334012315057, 1.1576337375973391, 1.1553172894490604, 1.1553172894490604, 1.1738624906976158, 1.1614093790948432, 1.1504533961412615, 1.1383774473793025, 1.1840678551863488, 1.1840678551863488, 1.1764459404501426, 1.182153179447998, 1.200536190247386, 1.1859434664651154, 1.183407412032593, 1.1688120539508577, 1.1543967052854638, 1.1401591459202765, 1.1526550405829579, 1.1551074145518105, 1.1408610897723384, 1.159192354452285, 1.195521564754895, 1.2310374389517098, 1.2158546438713056, 1.2008591032635594, 1.2103173536066745, 1.2032168594930137, 1.1883771848926001, 1.1828557491140332, 1.1682671948749601, 1.1682671948749601, 1.1577417587187233, 1.1970899255846479, 1.182325816502437, 1.168009693400552, 1.1677084794486778, 1.1548377838066028, 1.14988821891512, 1.1483173370622972, 1.1395563819150554, 1.1313083771197108, 1.1265803797803662, 1.1185166853539716, 1.1250767057111057, 1.1170138542458279], "XLM": [1.0, 0.9895791207070046, 0.9807533970247251, 0.9720179878155966, 0.9656107826106319, 0.9573414753364542, 0.9495561535026198, 0.9416095078331682, 0.9481982672220495, 0.9383284232652702, 0.9287610967755298, 0.9458104953434928, 0.9570735745677879, 0.9506966475045, 0.9546458350129764, 0.942871869714483, 0.9442921737044513, 0.9398222974294632, 0.9398222974294632, 0.9398222974294632, 0.93495866895627, 0.9393845990998521, 0.9355010005065931, 0.9343081605345775, 0.9316517188755132, 0.9239115234533152, 0.9248412795711006, 0.9191957925990581, 0.9310929599516435, 0.9308389810855622, 0.9308389810855622, 0.927646829077524, 0.9586485792444414, 0.9522150580229725, 0.9556221289505153, 0.9565287989585105, 0.9614820301172537, 0.9634162803761759, 0.9634162803761759, 0.9515341462515363, 0.9397985584477674, 0.947383541205016, 0.9370265233407509, 0.9263415683427612, 0.9449345773617752, 0.9449345773617752, 0.9388468580668712, 0.9371362425913903, 0.9411119396077406, 0.9456527321010503, 0.9456527321010503, 0.9714827309407664, 0.9754777466391384, 0.963446854430589, 0.9799668967739418, 1.0006923638558, 1.0500910108942716, 1.046654434761166, 1.0642556123965599, 1.0642556123965599, 1.0561033119571004, 1.0486250458463906, 1.0399358503459184, 1.0408110672379112, 1.0322944260970843, 1.0241293631252244, 1.0160578130359008, 1.0079924733265109, 1.000285391169124, 0.9931364393170675, 0.9862443154373096, 0.9864848910365637, 0.9911952726086489, 0.9900267164299412, 1.0235900592712912, 1.1569449786665447, 1.2323138461842837, 1.2182094999183308, 1.206233848378542], "BCH": [1.0, 0.9876666666666667, 0.9754854444444444, 0.9634544572962963, 0.9634544572962963, 0.9527896933758297, 0.9532249741779499, 0.9668449274126006, 0.9668449274126006, 0.9668449274126006, 0.9629609551074378, 0.9604623787398517, 0.9958345726818574, 1.0196914684180345, 1.0107346450600083, 1.0023999521003708, 1.0110494864959407, 1.0110494864959407, 1.0110494864959407, 1.0161361715577086, 1.0067548464710923, 1.0200052439080423, 1.0107675457348817, 1.0364254633879941, 1.0236428826728754], "AAVE": [1.0, 1.0, 1.0096392793872309, 1.0040803838649297, 1.0029646750164292, 1.0052472825808274, 1.0008902353593074, 0.9945653159422638, 0.9880173437926723, 0.9812555869636778, 0.9812555869636778, 0.9743668938711678, 0.9667719477178008, 0.973756252058234, 0.9898031186022608, 0.9811780427765715, 0.9811780427765715, 0.9741590780068128, 0.9743724257909346, 0.9668231474599125, 0.9596390945472207, 0.9619204185262008, 0.975260373866251, 0.9671908561910484, 0.9616543929090968, 0.9535819920785614, 0.9786267944893203, 0.9839025304071283, 0.9763701657641131, 0.9878938887051629, 1.0146755147111477, 1.026898224347865, 1.0155958568369527, 1.0377425567889922, 1.0629568553063273, 1.0940915477770194, 1.080597752021103, 1.067270379746176, 1.067270379746176, 1.0550068482084378, 1.046539532637041, 1.0487140749375763, 1.104330858844826, 1.1121228138550356, 1.101536268462017, 1.09179037920009, 1.1009206712098325, 1.1045761414356159, 1.1018276231012358, 1.1281047762486203, 1.1159289534433392, 1.1035266283164253, 1.0899164665671894, 1.0961879809257, 1.0826683291609498, 1.0826683291609498, 1.0952952150642752, 1.0817865740784824, 1.0684445396648479, 1.076202642856817, 1.0854265326055264, 1.0866659068468512, 1.0744770545082005, 1.0759687903279664, 1.1050024635774458, 1.1181943315412304, 1.1048296096865093, 1.0919001566573705, 1.1488512409718856, 1.1346820756665659, 1.134418671345933, 1.1232159348710553, 1.1124212740704658, 1.1637881952138112, 1.1559260108881633, 1.1641938200693456, 1.1516337202530134, 1.14141794372225, 1.1485145369445442, 1.139265439364387, 1.1827516236290048, 1.1740873819722695, 1.1655824510153803, 1.1872031797127842, 1.2162822747611974, 1.2115665548341368, 1.2017084568231282, 1.192065741775589, 1.1827570811982657, 1.1740433849524672, 1.165052040237322, 1.156590843582458, 1.1819027010897516, 1.1924685157955437, 1.1835146500366251, 1.1752388674921064, 1.1873682846593665, 1.1844766247639154, 1.1759284113911848, 1.1911586620016703, 1.1819964284107993, 1.1735154971220119, 1.1653413140867648, 1.1650955510516625, 1.1566639933073308, 1.1493253661476737, 1.147900184073154, 1.147900184073154, 1.1406547890415006, 1.1406547890415006, 1.1337036683301713, 1.13775147261413, 1.1310264643164827, 1.1277041119147138, 1.1729836750058267, 1.1876838691871703, 1.178869751056111, 1.171205350973199, 1.1693112456014574, 1.1636899782667596, 1.1636899782667596, 1.1654768768297028, 1.1581632397390733, 1.1512170855201345, 1.1494486996891218, 1.142619827223868, 1.1391571263887432, 1.1457618925282642, 1.1637653666625776, 1.1561954273694188, 1.1566650593194554, 1.1497591155942042, 1.1442302239953004, 1.1402670611604435, 1.1338056910819647, 1.12748806248049, 1.1212281017658312, 1.1152277482729236, 1.1152277482729236, 1.1105360073760782, 1.104804159636076, 1.0995229970507947, 1.0951222172494337, 1.0906369862762773],