{
  "Bitcoin": {
    "params": {
      "hidden_size": 32,
      "dropout": 0.44934498385769706,
      "window": 30,
      "batch_size": 128,
      "learning_rate": 0.00020131935142272178,
      "stop_loss_pct": 0.025991105395678508,
      "take_profit_pct": 0.09506203706661243,
      "gb_n_estimators": 91,
      "gb_max_depth": 3,
      "gb_lr": 0.019672811363043066,
      "gb_subsample": 0.8076288904981217
    },
    "attrs": {
      "gb_acc": 0.4760956175298805,
      "lstm_acc": 0.4900398406374502,
      "max_drawdown": 7.49809536736058,
      "total_return": 15.547034453327303,
      "total_trades": 34,
      "win_rate": 38.23529411764706
    },
    "value": 9.310415015525113
  },
  "Ethereum": {
    "params": {
      "hidden_size": 32,
      "dropout": 0.48988162771550137,
      "window": 20,
      "batch_size": 128,
      "learning_rate": 0.0001805522425857178,
      "stop_loss_pct": 0.03323925814171116,
      "take_profit_pct": 0.0852445520236105,
      "gb_n_estimators": 90,
      "gb_max_depth": 5,
      "gb_lr": 0.0422674225206358,
      "gb_subsample": 0.8207222366947977
    },
    "attrs": {
      "gb_acc": 0.498046875,
      "lstm_acc": 0.486328125,
      "max_drawdown": 14.374795250477357,
      "total_return": 15.79481243621872,
      "total_trades": 94,
      "win_rate": 34.04255319148936
    },
    "value": 8.356366580093475
  },
  "Solana": {
    "params": {
      "hidden_size": 16,
      "dropout": 0.30374221764807835,
      "window": 30,
      "batch_size": 128,
      "learning_rate": 0.0002093236647306427,
      "stop_loss_pct": 0.041548570953840534,
      "take_profit_pct": 0.10303047924777975,
      "gb_n_estimators": 79,
      "gb_max_depth": 4,
      "gb_lr": 0.09093275374586826,
      "gb_subsample": 0.8954688010602316
    },
    "attrs": {
      "gb_acc": 0.5039840637450199,
      "lstm_acc": 0.5298804780876494,
      "max_drawdown": 8.165374223877219,
      "total_return": 8.300556320321938,
      "total_trades": 55,
      "win_rate": 36.36363636363637
    },
    "value": 8.214063424472169
  },
  "XLM": {
    "params": {
      "hidden_size": 16,
      "num_layers": 1,
      "dropout": 0.3443,
      "nhead": 4,
      "window": 40,
      "max_features": 40,
      "batch_size": 32,
      "learning_rate": 0.000232,
      "stop_loss_pct": 0.0236,
      "take_profit_pct": 0.081
    },
    "attrs": {
      "total_return": 35.74,
      "max_drawdown": -19.7,
      "total_trades": 212,
      "win_rate": 41.5,
      "sharpe": 0.65,
      "sortino": 1.1
    },
    "value": 0.23231000000000002
  },
  "NEAR": {
    "params": {
      "hidden_size": 32,
      "num_layers": 2,
      "dropout": 0.3246,
      "nhead": 4,
      "window": 30,
      "max_features": 50,
      "batch_size": 32,
      "learning_rate": 0.000253,
      "stop_loss_pct": 0.0256,
      "take_profit_pct": 0.1111
    },
    "attrs": {
      "total_return": 82.72,
      "max_drawdown": -13.15,
      "total_trades": 214,
      "win_rate": 36.0,
      "sharpe": 0.96,
      "sortino": 2.59
    },
    "value": 0.7941119999999999
  },
  "AAVE": {
    "params": {
      "hidden_size": 16,
      "num_layers": 2,
      "dropout": 0.4361,
      "nhead": 4,
      "window": 40,
      "max_features": 30,
      "batch_size": 64,
      "learning_rate": 0.000335,
      "stop_loss_pct": 0.0209,
      "take_profit_pct": 0.1196
    },
    "attrs": {
      "total_return": 155.45,
      "max_drawdown": -12.91,
      "total_trades": 214,
      "win_rate": 43.4,
      "sharpe": 1.34,
      "sortino": 3.19
    },
    "value": 2.08303
  }
}