{
  "portfolio": {
    "assets": [
      "NEAR",
      "Litecoin",
      "Avalanche",
      "Cosmos",
      "Polkadot"
    ],
    "weights": [
      0.2,
      0.2,
      0.2,
      0.2,
      0.2
    ],
    "total_return": 93.73622964320947,
    "max_drawdown": -0.9071337749763764,
    "sharpe_ratio": 16.459953419435983,
    "sortino_ratio": 139.33176877169535,
    "calmar_ratio": 103.33231131830645
  },
  "individual": {
    "NEAR": {
      "return": 2140.597622071211,
      "drawdown": -5.0976706937691745,
      "win_rate": 42.742236024844715,
      "profit_factor": 4.952581214675228
    },
    "Litecoin": {
      "return": 738.6944057273679,
      "drawdown": -5.29641089113746,
      "win_rate": 43.79439089031805,
      "profit_factor": 2.5954718667151275
    },
    "Avalanche": {
      "return": 397.5654773442857,
      "drawdown": -3.9990611242825547,
      "win_rate": 44.310609123374434,
      "profit_factor": 5.537382948972474
    },
    "Cosmos": {
      "return": 244.15392851023157,
      "drawdown": -3.5373228139247703,
      "win_rate": 37.295908392682584,
      "profit_factor": 5.19281581132209
    },
    "Polkadot": {
      "return": 79.77581189268179,
      "drawdown": -3.701740899449113,
      "win_rate": 31.396719222806176,
      "profit_factor": 4.718479369805319
    }
  },
  "params": {
    "hidden_size": 32,
    "dropout": 0.39545817076274253,
    "window": 30,
    "batch_size": 64,
    "learning_rate": 0.00020532942939696484,
    "stop_loss_pct": 0.030675648446884116,
    "take_profit_pct": 0.04538051370437286
  }
}